Prompt_Version,Prompt,Output
1,"Summarize the following text in 2 sentences:

Artificial intelligence is transforming many industries by automating tasks,
improving efficiency, and enabling new capabilities. However, it also raises
concerns about job displacement, ethical considerations, and the need for
robust governance to ensure it is used responsibly.","Here is a summary of the text in 2 sentences:

Artificial intelligence (AI) is revolutionizing various industries by automating tasks, boosting efficiency, and opening up new possibilities. However, AI also poses concerns about job losses, ethical dilemmas, and the requirement for robust governance to guarantee its responsible use."
2,"Provide a concise, friendly 2-sentence summary of this paragraph:

Artificial intelligence is transforming many industries by automating tasks,
improving efficiency, and enabling new capabilities. However, it also raises
concerns about job displacement, ethical considerations, and the need for
robust governance to ensure it is used responsibly.","Here is a concise, friendly 2-sentence summary:

Artificial intelligence is changing the game by making tasks more efficient and opening up new possibilities! However, we also need to think carefully about how it might affect jobs and society as a whole, so that its benefits can be shared by all."
3,"In exactly 2 sentences, summarize the key points of the text below:

Artificial intelligence is transforming many industries by automating tasks,
improving efficiency, and enabling new capabilities. However, it also raises
concerns about job displacement, ethical considerations, and the need for
robust governance to ensure it is used responsibly.","Here is a 2-sentence summary of the text:

Artificial intelligence (AI) is revolutionizing various industries by automating tasks, increasing efficiency, and opening up new possibilities. However, AI also raises concerns about job loss, ethical considerations, and the need for strong governance to ensure its responsible use."
